<?xml encoding="UTF-8" version="1.0"?>
<actions>
<action>
	<icon>utilities-terminal</icon>
	<name>Open Terminal Here</name>
	<unique-id>1457025595202407-1</unique-id>
	<command>exo-open --working-directory %f --launch TerminalEmulator</command>
	<description>Example for a custom action</description>
	<patterns>*</patterns>
	<startup-notify/>
	<directories/>
</action>
<action>
	<icon>catfish</icon>
	<name>Search</name>
	<unique-id>1457025595202666-2</unique-id>
	<command>catfish --fileman=thunar --path=%f</command>
	<description>Find files and folders</description>
	<patterns>*</patterns>
	<directories/>
</action>
</actions>
