<?xml version="1.0" encoding="UTF-8"?>

<channel name="xfce4-desktop" version="1.0">
  <property name="desktop-icons" type="empty">
    <property name="style" type="empty"/>
    <property name="file-icons" type="empty">
      <property name="show-home" type="empty"/>
      <property name="show-filesystem" type="empty"/>
      <property name="show-removable" type="empty"/>
      <property name="show-trash" type="empty"/>
    </property>
  </property>
  <property name="backdrop" type="empty">
    <property name="screen0" type="empty">
      <property name="monitor0" type="empty">
        <property name="image-path" type="empty"/>
        <property name="image-show" type="empty"/>
      </property>
      <property name="monitor1" type="empty">
        <property name="image-path" type="empty"/>
        <property name="image-show" type="empty"/>
      </property>
      <property name="monitorVBOX0" type="empty">
        <property name="workspace0" type="empty">
          <property name="color-style" type="int" value="0"/>
          <property name="image-style" type="int" value="3"/>
          <property name="last-image" type="string" value="/usr/share/backgrounds/karoshi.png"/>
        </property>
        <property name="workspace1" type="empty">
          <property name="color-style" type="int" value="0"/>
          <property name="image-style" type="int" value="3"/>
          <property name="last-image" type="string" value="/usr/share/backgrounds/karoshi.png"/>
        </property>
        <property name="workspace2" type="empty">
          <property name="color-style" type="int" value="0"/>
          <property name="image-style" type="int" value="3"/>
          <property name="last-image" type="string" value="/usr/share/backgrounds/karoshi.png"/>
        </property>
        <property name="workspace3" type="empty">
          <property name="color-style" type="int" value="0"/>
          <property name="image-style" type="int" value="3"/>
          <property name="last-image" type="string" value="/usr/share/backgrounds/karoshi.png"/>
        </property>
      </property>
    </property>
  </property>
</channel>
