<?xml version="1.0" encoding="UTF-8"?>

<channel name="xfce4-panel" version="1.0">
  <property name="panels" type="empty">
    <property name="panel-0" type="empty">
      <property name="position" type="empty"/>
      <property name="length" type="empty"/>
      <property name="position-locked" type="empty"/>
      <property name="plugin-ids" type="empty"/>
      <property name="background-style" type="empty"/>
      <property name="horizontal" type="empty"/>
      <property name="background-alpha" type="empty"/>
      <property name="size" type="empty"/>
      <property name="autohide" type="empty"/>
      <property name="length-adjust" type="empty"/>
      <property name="span-monitors" type="empty"/>
      <property name="enter-opacity" type="empty"/>
      <property name="leave-opacity" type="empty"/>
      <property name="mode" type="uint" value="0"/>
      <property name="autohide-behavior" type="uint" value="0"/>
    </property>
    <property name="panel-1" type="empty">
      <property name="position" type="empty"/>
      <property name="size" type="empty"/>
      <property name="length" type="empty"/>
      <property name="plugin-ids" type="array">
        <value type="int" value="6"/>
        <value type="int" value="7"/>
        <value type="int" value="5"/>
        <value type="int" value="3"/>
        <value type="int" value="4"/>
        <value type="int" value="8"/>
        <value type="int" value="1"/>
      </property>
      <property name="background-alpha" type="empty"/>
      <property name="enter-opacity" type="empty"/>
      <property name="leave-opacity" type="empty"/>
      <property name="position-locked" type="bool" value="true"/>
      <property name="mode" type="uint" value="0"/>
    </property>
  </property>
  <property name="plugins" type="empty">
    <property name="plugin-3" type="empty">
      <property name="known-indicators" type="array">
        <value type="string" value="libapplication.so"/>
        <value type="string" value="com.canonical.indicator.sound"/>
      </property>
    </property>
    <property name="plugin-4" type="empty">
      <property name="known-indicators" type="empty"/>
    </property>
    <property name="plugin-5" type="empty">
      <property name="rows" type="empty"/>
      <property name="show-names" type="empty"/>
      <property name="workspace-scrolling" type="empty"/>
      <property name="miniature-view" type="empty"/>
      <property name="expand" type="empty"/>
    </property>
    <property name="plugin-6" type="empty">
      <property name="items" type="empty"/>
      <property name="appearance" type="empty"/>
      <property name="invert-orientation" type="empty"/>
    </property>
    <property name="plugin-1" type="empty">
      <property name="show-tooltips" type="empty"/>
      <property name="button-icon" type="empty"/>
      <property name="show-button-title" type="empty"/>
      <property name="show-menu-icons" type="empty"/>
      <property name="show-generic-names" type="empty"/>
    </property>
    <property name="plugin-8" type="empty">
      <property name="flat-buttons" type="empty"/>
      <property name="show-handle" type="empty"/>
      <property name="grouping" type="empty"/>
      <property name="show-wireframes" type="empty"/>
      <property name="sort-order" type="empty"/>
    </property>
    <property name="plugin-100" type="empty">
      <property name="style" type="empty"/>
      <property name="expand" type="empty"/>
    </property>
    <property name="plugin-101" type="empty">
      <property name="style" type="empty"/>
      <property name="expand" type="empty"/>
    </property>
    <property name="plugin-102" type="empty">
      <property name="style" type="empty"/>
    </property>
    <property name="plugin-103" type="empty">
      <property name="style" type="empty"/>
    </property>
    <property name="plugin-104" type="empty">
      <property name="style" type="empty"/>
    </property>
    <property name="plugin-9" type="empty"/>
    <property name="plugin-7" type="string" value="tasklist"/>
  </property>
  <property name="configver" type="int" value="2"/>
</channel>
